[
{
  "model": "payments.statusorder",
  "pk": 1,
  "fields": {
    "status": "Открыт"
  }
},
{
  "model": "payments.statusorder",
  "pk": 2,
  "fields": {
    "status": "Закрыт"
  }
},
{
  "model": "payments.statusorderitem",
  "pk": 1,
  "fields": {
    "status": "В обработке"
  }
},
{
  "model": "payments.statusorderitem",
  "pk": 2,
  "fields": {
    "status": "В пути"
  }
},
{
  "model": "payments.statusorderitem",
  "pk": 3,
  "fields": {
    "status": "Доставлен"
  }
},
{
  "model": "payments.statusorderitem",
  "pk": 4,
  "fields": {
    "status": "Отменен"
  }
},
{
  "model": "payments.order",
  "pk": 15,
  "fields": {
    "status": 1,
    "total": "1099345.00",
    "created_at": "2024-04-24T18:13:45.637Z",
    "buyer": 2
  }
},
{
  "model": "payments.order",
  "pk": 16,
  "fields": {
    "status": 1,
    "total": "104273.00",
    "created_at": "2024-04-24T18:14:25.701Z",
    "buyer": 2
  }
},
{
  "model": "payments.order",
  "pk": 17,
  "fields": {
    "status": 1,
    "total": "321166.00",
    "created_at": "2024-04-24T18:32:05.613Z",
    "buyer": 2
  }
},
{
  "model": "payments.order",
  "pk": 18,
  "fields": {
    "status": 1,
    "total": "104640.00",
    "created_at": "2024-04-29T12:53:52.311Z",
    "buyer": 6
  }
},
{
  "model": "payments.order",
  "pk": 19,
  "fields": {
    "status": 1,
    "total": "433786.00",
    "created_at": "2024-04-30T23:07:51.025Z",
    "buyer": 3
  }
},
{
  "model": "payments.order",
  "pk": 20,
  "fields": {
    "status": 1,
    "total": "650679.00",
    "created_at": "2024-04-30T23:20:07.096Z",
    "buyer": 5
  }
},
{
  "model": "payments.order",
  "pk": 21,
  "fields": {
    "status": 1,
    "total": "433786.00",
    "created_at": "2024-04-30T23:21:41.191Z",
    "buyer": 5
  }
},
{
  "model": "payments.order",
  "pk": 22,
  "fields": {
    "status": 1,
    "total": "595663.00",
    "created_at": "2024-05-01T08:26:06.863Z",
    "buyer": 7
  }
},
{
  "model": "payments.order",
  "pk": 23,
  "fields": {
    "status": 1,
    "total": "100.00",
    "created_at": "2024-05-05T15:05:37.168Z",
    "buyer": 2
  }
},
{
  "model": "payments.order",
  "pk": 24,
  "fields": {
    "status": 1,
    "total": "139560.00",
    "created_at": "2024-05-05T15:18:52.367Z",
    "buyer": 8
  }
},
{
  "model": "payments.orderitem",
  "pk": 1,
  "fields": {
    "seller": 3,
    "product": 1,
    "order": 15,
    "quontity": 1,
    "total_price": "595663.00",
    "status": 3
  }
},
{
  "model": "payments.orderitem",
  "pk": 2,
  "fields": {
    "seller": 3,
    "product": 2,
    "order": 15,
    "quontity": 1,
    "total_price": "69780.00",
    "status": 4
  }
},
{
  "model": "payments.orderitem",
  "pk": 3,
  "fields": {
    "seller": 5,
    "product": 12,
    "order": 15,
    "quontity": 2,
    "total_price": "433902.00",
    "status": 3
  }
},
{
  "model": "payments.orderitem",
  "pk": 4,
  "fields": {
    "seller": 4,
    "product": 4,
    "order": 16,
    "quontity": 1,
    "total_price": "104273.00",
    "status": 1
  }
},
{
  "model": "payments.orderitem",
  "pk": 5,
  "fields": {
    "seller": 4,
    "product": 4,
    "order": 17,
    "quontity": 1,
    "total_price": "104273.00",
    "status": 3
  }
},
{
  "model": "payments.orderitem",
  "pk": 6,
  "fields": {
    "seller": 4,
    "product": 9,
    "order": 17,
    "quontity": 1,
    "total_price": "216893.00",
    "status": 3
  }
},
{
  "model": "payments.orderitem",
  "pk": 7,
  "fields": {
    "seller": 3,
    "product": 8,
    "order": 18,
    "quontity": 1,
    "total_price": "104640.00",
    "status": 3
  }
},
{
  "model": "payments.orderitem",
  "pk": 8,
  "fields": {
    "seller": 4,
    "product": 9,
    "order": 19,
    "quontity": 2,
    "total_price": "433786.00",
    "status": 1
  }
},
{
  "model": "payments.orderitem",
  "pk": 9,
  "fields": {
    "seller": 4,
    "product": 9,
    "order": 20,
    "quontity": 3,
    "total_price": "650679.00",
    "status": 4
  }
},
{
  "model": "payments.orderitem",
  "pk": 10,
  "fields": {
    "seller": 4,
    "product": 9,
    "order": 21,
    "quontity": 2,
    "total_price": "433786.00",
    "status": 4
  }
},
{
  "model": "payments.orderitem",
  "pk": 11,
  "fields": {
    "seller": 2,
    "product": 1,
    "order": 22,
    "quontity": 1,
    "total_price": "595663.00",
    "status": 3
  }
},
{
  "model": "payments.orderitem",
  "pk": 12,
  "fields": {
    "seller": 3,
    "product": 18,
    "order": 23,
    "quontity": 1,
    "total_price": "100.00",
    "status": 4
  }
},
{
  "model": "payments.orderitem",
  "pk": 13,
  "fields": {
    "seller": 3,
    "product": 2,
    "order": 24,
    "quontity": 2,
    "total_price": "139560.00",
    "status": 2
  }
},
{
  "model": "payments.comment",
  "pk": 1,
  "fields": {
    "user": 2,
    "text": "Please black",
    "created_at": "2024-04-24T18:14:25.710Z",
    "updated_at": "2024-04-24T18:14:25.710Z",
    "order_item": 4
  }
},
{
  "model": "payments.comment",
  "pk": 2,
  "fields": {
    "user": 2,
    "text": "great robot",
    "created_at": "2024-04-24T18:32:05.629Z",
    "updated_at": "2024-04-24T18:32:05.629Z",
    "order_item": 6
  }
},
{
  "model": "payments.comment",
  "pk": 3,
  "fields": {
    "user": 1,
    "text": "11",
    "created_at": "2024-04-25T14:21:40.539Z",
    "updated_at": "2024-04-25T14:21:40.539Z",
    "order_item": 1
  }
},
{
  "model": "payments.comment",
  "pk": 4,
  "fields": {
    "user": 2,
    "text": "test",
    "created_at": "2024-04-25T14:33:02.473Z",
    "updated_at": "2024-04-25T14:33:02.473Z",
    "order_item": 1
  }
},
{
  "model": "payments.comment",
  "pk": 5,
  "fields": {
    "user": 2,
    "text": "robot",
    "created_at": "2024-04-25T14:36:41.726Z",
    "updated_at": "2024-04-25T14:36:41.726Z",
    "order_item": 6
  }
},
{
  "model": "payments.comment",
  "pk": 6,
  "fields": {
    "user": 2,
    "text": "planshet",
    "created_at": "2024-04-25T14:38:12.324Z",
    "updated_at": "2024-04-25T14:38:12.324Z",
    "order_item": 5
  }
},
{
  "model": "payments.comment",
  "pk": 7,
  "fields": {
    "user": 2,
    "text": "planshet1",
    "created_at": "2024-04-25T14:40:08.770Z",
    "updated_at": "2024-04-25T14:40:08.770Z",
    "order_item": 5
  }
},
{
  "model": "payments.comment",
  "pk": 8,
  "fields": {
    "user": 2,
    "text": "ok",
    "created_at": "2024-04-25T14:45:06.124Z",
    "updated_at": "2024-04-25T14:45:06.124Z",
    "order_item": 6
  }
},
{
  "model": "payments.comment",
  "pk": 9,
  "fields": {
    "user": 2,
    "text": "dd",
    "created_at": "2024-04-25T14:55:12.816Z",
    "updated_at": "2024-04-25T14:55:12.816Z",
    "order_item": 4
  }
},
{
  "model": "payments.comment",
  "pk": 10,
  "fields": {
    "user": 2,
    "text": "h",
    "created_at": "2024-04-25T18:01:25.897Z",
    "updated_at": "2024-04-25T18:01:25.897Z",
    "order_item": 6
  }
},
{
  "model": "payments.comment",
  "pk": 11,
  "fields": {
    "user": 2,
    "text": "gg",
    "created_at": "2024-04-25T18:10:34.926Z",
    "updated_at": "2024-04-25T18:10:34.926Z",
    "order_item": 1
  }
},
{
  "model": "payments.comment",
  "pk": 12,
  "fields": {
    "user": 2,
    "text": "f",
    "created_at": "2024-04-25T18:12:24.368Z",
    "updated_at": "2024-04-25T18:12:24.368Z",
    "order_item": 1
  }
},
{
  "model": "payments.comment",
  "pk": 13,
  "fields": {
    "user": 2,
    "text": "d",
    "created_at": "2024-04-25T18:12:31.182Z",
    "updated_at": "2024-04-25T18:12:31.182Z",
    "order_item": 6
  }
},
{
  "model": "payments.comment",
  "pk": 14,
  "fields": {
    "user": 2,
    "text": "1112",
    "created_at": "2024-04-25T18:19:18.619Z",
    "updated_at": "2024-04-25T18:19:18.619Z",
    "order_item": 2
  }
},
{
  "model": "payments.comment",
  "pk": 15,
  "fields": {
    "user": 2,
    "text": "aa",
    "created_at": "2024-04-25T18:22:53.386Z",
    "updated_at": "2024-04-25T18:22:53.387Z",
    "order_item": 2
  }
},
{
  "model": "payments.comment",
  "pk": 16,
  "fields": {
    "user": 2,
    "text": "s",
    "created_at": "2024-04-25T18:26:15.797Z",
    "updated_at": "2024-04-25T18:26:15.798Z",
    "order_item": 2
  }
},
{
  "model": "payments.comment",
  "pk": 17,
  "fields": {
    "user": 2,
    "text": "xxx",
    "created_at": "2024-04-25T18:28:24.513Z",
    "updated_at": "2024-04-25T18:28:24.513Z",
    "order_item": 3
  }
},
{
  "model": "payments.comment",
  "pk": 18,
  "fields": {
    "user": 2,
    "text": "xc",
    "created_at": "2024-04-25T18:29:26.613Z",
    "updated_at": "2024-04-25T18:29:26.613Z",
    "order_item": 3
  }
},
{
  "model": "payments.comment",
  "pk": 19,
  "fields": {
    "user": 2,
    "text": "s",
    "created_at": "2024-04-25T18:31:28.659Z",
    "updated_at": "2024-04-25T18:31:28.659Z",
    "order_item": 3
  }
},
{
  "model": "payments.comment",
  "pk": 20,
  "fields": {
    "user": 2,
    "text": "v",
    "created_at": "2024-04-25T18:34:41.927Z",
    "updated_at": "2024-04-25T18:34:41.927Z",
    "order_item": 3
  }
},
{
  "model": "payments.comment",
  "pk": 21,
  "fields": {
    "user": 2,
    "text": "v",
    "created_at": "2024-04-25T18:34:46.043Z",
    "updated_at": "2024-04-25T18:34:46.043Z",
    "order_item": 3
  }
},
{
  "model": "payments.comment",
  "pk": 22,
  "fields": {
    "user": 2,
    "text": "x",
    "created_at": "2024-04-25T18:35:20.747Z",
    "updated_at": "2024-04-25T18:35:20.747Z",
    "order_item": 3
  }
},
{
  "model": "payments.comment",
  "pk": 23,
  "fields": {
    "user": 3,
    "text": "skoro",
    "created_at": "2024-04-26T13:21:54.705Z",
    "updated_at": "2024-04-26T13:21:54.705Z",
    "order_item": 1
  }
},
{
  "model": "payments.comment",
  "pk": 24,
  "fields": {
    "user": 3,
    "text": "samsung",
    "created_at": "2024-04-26T13:22:15.289Z",
    "updated_at": "2024-04-26T13:22:15.289Z",
    "order_item": 2
  }
},
{
  "model": "payments.comment",
  "pk": 25,
  "fields": {
    "user": 4,
    "text": "tablet",
    "created_at": "2024-04-29T12:45:39.230Z",
    "updated_at": "2024-04-29T12:45:39.230Z",
    "order_item": 4
  }
},
{
  "model": "payments.comment",
  "pk": 26,
  "fields": {
    "user": 4,
    "text": "pylesos",
    "created_at": "2024-04-29T12:45:57.104Z",
    "updated_at": "2024-04-29T12:45:57.104Z",
    "order_item": 6
  }
},
{
  "model": "payments.comment",
  "pk": 27,
  "fields": {
    "user": 4,
    "text": "new2",
    "created_at": "2024-04-29T12:46:06.687Z",
    "updated_at": "2024-04-29T12:46:06.687Z",
    "order_item": 5
  }
},
{
  "model": "payments.comment",
  "pk": 28,
  "fields": {
    "user": 6,
    "text": "hh",
    "created_at": "2024-04-29T12:53:52.321Z",
    "updated_at": "2024-04-29T12:53:52.321Z",
    "order_item": 7
  }
},
{
  "model": "payments.comment",
  "pk": 29,
  "fields": {
    "user": 3,
    "text": "yes",
    "created_at": "2024-04-29T12:54:48.355Z",
    "updated_at": "2024-04-29T12:54:48.355Z",
    "order_item": 7
  }
},
{
  "model": "payments.comment",
  "pk": 30,
  "fields": {
    "user": 3,
    "text": "hi",
    "created_at": "2024-04-30T09:12:46.032Z",
    "updated_at": "2024-04-30T09:12:46.032Z",
    "order_item": 7
  }
},
{
  "model": "payments.comment",
  "pk": 31,
  "fields": {
    "user": 3,
    "text": "so",
    "created_at": "2024-04-30T19:00:50.241Z",
    "updated_at": "2024-04-30T19:00:50.241Z",
    "order_item": 7
  }
},
{
  "model": "payments.comment",
  "pk": 32,
  "fields": {
    "user": 3,
    "text": "thanks",
    "created_at": "2024-04-30T23:08:08.641Z",
    "updated_at": "2024-04-30T23:08:08.641Z",
    "order_item": 8
  }
},
{
  "model": "payments.comment",
  "pk": 33,
  "fields": {
    "user": 5,
    "text": "ooo",
    "created_at": "2024-04-30T23:20:07.107Z",
    "updated_at": "2024-04-30T23:20:07.107Z",
    "order_item": 9
  }
},
{
  "model": "payments.comment",
  "pk": 34,
  "fields": {
    "user": 2,
    "text": "ff",
    "created_at": "2024-05-01T08:29:56.767Z",
    "updated_at": "2024-05-01T08:29:56.767Z",
    "order_item": 11
  }
},
{
  "model": "payments.comment",
  "pk": 35,
  "fields": {
    "user": 2,
    "text": "fd",
    "created_at": "2024-05-01T14:00:59.564Z",
    "updated_at": "2024-05-01T14:00:59.564Z",
    "order_item": 11
  }
},
{
  "model": "payments.comment",
  "pk": 36,
  "fields": {
    "user": 2,
    "text": "ok",
    "created_at": "2024-05-01T17:16:30.384Z",
    "updated_at": "2024-05-01T17:16:30.384Z",
    "order_item": 4
  }
},
{
  "model": "payments.comment",
  "pk": 37,
  "fields": {
    "user": 8,
    "text": "Пожалуйста побыстрее",
    "created_at": "2024-05-05T15:18:52.382Z",
    "updated_at": "2024-05-05T15:18:52.382Z",
    "order_item": 13
  }
},
{
  "model": "payments.comment",
  "pk": 38,
  "fields": {
    "user": 8,
    "text": "?",
    "created_at": "2024-05-05T15:19:12.285Z",
    "updated_at": "2024-05-05T15:19:12.285Z",
    "order_item": 13
  }
},
{
  "model": "payments.comment",
  "pk": 39,
  "fields": {
    "user": 3,
    "text": "Ожидайте",
    "created_at": "2024-05-05T15:19:53.626Z",
    "updated_at": "2024-05-05T15:19:53.626Z",
    "order_item": 13
  }
}
]
